company name ,naic #,year,adverse decisions company total,adverse decisions by carrier percent,adverse decisions inpatient hospital services number ,adverse decisions inpatient hospital services percent total,adverse decisions emergency room services number ,adverse decisions emergency room services percent total,adverse decisions mental health services number ,adverse decisions mental health services percent total ,adverse decisions physician services number ,adverse decisions physician services percent  total ,"adverse decisions laboratory, radiology services number","adverse decisions laboratory, radiology services percent  total ",adverse decisions pharmacy services number ,adverse decisions pharmacy services percent total ,"adverse decisions pt, ot, st services (incl inpat rehab) number ","adverse decisions pt, ot, st services (incl inpat rehab) percent  total  ",adverse decisions skilled nurse faculty sub acute nursing home number ,adverse decisions skilled nurse faculty sub acute nursing home percent  total ,adverse decisions durable medical equipment services number,adverse decisions durable medical equipment services percent  total ,adverse decisions dental number ,adverse decisions dental percent total ,adverse decisions home health services number ,adverse decisions home health services percent total ,"adverse decisions obesity, ivf, podiatry, hearing and vision number ","adverse decisions obesity, ivf, podiatry, hearing and vision percent  total ",grievances filed company total,grievances filed percent of all companies,grievance inpatient hospital services number ,grievance inpatient hospital services percent  total ,grievance emergency room services number ,grievance emergency room services percent total,grievance mental health services number ,grievance mental health services percent total ,grievance physician services number ,grievance physician services percent total ,"grievance laboratory, radiology services number","grievance laboratory, radiology services percent total ",grievance pharmacy services number ,grievance pharmacy services percent total ,"grievance pt, ot, st services (incl inpat rehab) number ","grievance pt, ot, st services (incl inpat rehab) percent total  ",grievance skilled nurse faculty sub acute nursing home number ,grievance skilled nurse faculty sub acute nursing home percent total ,grievance durable medical equipment services number,grievance durable medical equipment services percent total ,grievance dental number ,grievance dental percent total ,grievance home health services number ,grievance home health services percent total ,"grievance obesity, ivf, podiatry, hearing and vision number ","grievance obesity, ivf, podiatry, hearing and vision percent total ",grievances upheld number,grievances upheld percent total,grievances overturned number ,grievances overturned percent total,grievances modified number ,grievances modified percent total ,hospital length of stay total,hospital length of stay outcome ,grievances upheld number for hospital los,grievances upheld percent for hospital los,grievances overturned number for hospital los,grievances overturned percent for hospital los,grievances modified number for hospital los,grievances modified percent for hospital los,emergency cases - resolution hours 1 st quarter* ,emergency cases - resolution hours 2nd quarter* ,emergency cases - resolution hours 3rd  quarter* ,emergency cases - resolution hours 4th quarter* ,non-emergency cases - resolution days 1st quarter,non-emergency cases - resolution days 2nd quarter,non-emergency cases - resolution days 3rd quarter, non-emergency cases - resolution days 4th quarter,"total number of ""emergencies"" cases",emergencies outcome,internal emergency grievances upheld number,internal emergency grievances upheld percent ,internal emergency grievances overturned number,internal emergency grievances overturned percent ,internal emergency grievances modified number ,internal emergency grievances modified percent ,complaints investigated total ,complaints investigated percent ,carrier upheld by mia number ,carrier upheld by mia percent ,carrier reversed by mia number,carrier reversed by mia percent ,carrier modified by mia number ,carrier modified by mia percent ,carrier reversed itself during investigation number ,carrier reversed itself during investigation percent 
4 Ever Life Insurance Company,80985,2021,1,0,1,1,0,0,0,0,0,0,0,0,0,0,0,0,0,0,0,0,0,0,0,0,0,0,10,0.001,2,0.2,2,0.2,0,0,2,0.2,4,0.4,0,0,0,0,0,0,0,0,0,0,0,0,0,0,3,0.3,7,0.7,0,0,4,2,2,1,0,0,0,0,432,0,0,0,3,1,0,0,2,2,0,0,2,1,0,0,,,,,,,,,,
"Aetna Dental, Inc.",95910,2021,693,0.009,0,0,0,0,0,0,0,0,0,0,0,0,0,0,0,0,0,0,693,1,0,0,0,0,1,0,0,0,0,0,0,0,0,0,0,0,0,0,0,0,0,0,0,0,1,1,0,0,0,0,0,0,1,1,0,0,,,,,,,,,,,,,0,0,0,22,,,,,,,,,,,,,,,,,,
Aetna Health Inc. ( a Pennsylvania corporation ),95109,2021,115,0.001,39,0.339,0,0,4,0.035,42,0.365,2,0.017,15,0.13,4,0.035,2,0.017,2,0.017,0,0,0,0,5,0.043,217,0.027,23,0.106,5,0.023,0,0,96,0.442,34,0.157,46,0.212,0,0,0,0,0,0,0,0,1,0.005,9,0.041,110,0.507,94,0.433,13,0.06,,,,,,,,,,,,,20.4,19.2,24.6,23.9,,,,,,,,,8,0.03,3,0.38,1,0.13,0,0,4,0.5
Aetna Health Insurance Company,,2021,,,,,,,,,,,,,,,,,,,,,,,,,,,,,,,,,,,,,,,,,,,,,,,,,,,,,,,,,,,,,,,,,,,,,,,,,,,,,,,,,,,1,0,0,0,1,1,0,0,0,0
Aetna Life Insurance Company,60054,2021,188,0.002,69,0.367,0,0,11,0.059,68,0.362,8,0.043,19,0.101,5,0.027,2,0.011,2,0.011,0,0,1,0.005,3,0.016,143,0.018,18,0.126,1,0.007,3,0.014,53,0.371,26,0.182,31,0.217,1,0.007,0,0,1,0.007,3,0.021,1,0.007,5,0.035,80,0.559,62,0.434,1,0.007,,,,,,,,,,,,,17.3,21.7,22.3,22,,,,,,,,,3,0,1,0.33,1,1,0,0,1,0.33
"Alpha Dental Programs, Inc.",95163,2021,,,,,,,,,,,,,,,,,,,,,,,,,,,174,0.022,0,0,0,0,3,0.021,0,0,0,0,0,0,0,0,0,0,0,0,174,1,0,0,0,0,79,0.454,71,0.408,24,0.138,,,,,,,,,,,,,22,25.6,28,33.3,,,,,,,,,,,,,,,,,,
Ameritas Life Insurance Corp.,61301,2021,285,0.004,0,0,0,0,0,0,0,0,0,0,0,0,0,0,0,0,0,0,285,1,0,0,0,0,134,0.017,0,0,0,0,0,0,0,0,0,0,0,0,0,0,0,0,0,0,134,1,0,0,0,0,76,0.567,46,0.343,12,0.09,,,,,,,,,,,,,34,28,24,26,,,,,,,,,1,0,0,0,0,0,0,0,1,1
"CareFirst BlueChoice, Inc.",96202,2021,21128,0.26,12,0.001,0,0,298,0.014,1182,0.056,3015,0.143,15727,0.744,85,0.004,6,0,786,0.037,4,0,9,0,4,0,1738,0.215,8,0.005,2,0.001,8,0.005,38,0.022,112,0.064,1476,0.849,6,0.003,2,0.001,83,0.048,3,0.002,0,0,0,0,648,0.373,1088,0.626,2,0.001,8,3,2,0.667,1,0.333,0,0,24,24,24,24,16.5,22.3,23.4,14.1,535,180,41,0.228,139,0.772,0,0,71,0.23,27,0.38,19,0.27,1,0.01,24,0.34
"CareFirst of Maryland, Inc.",47058,2021,7057,0.087,2,0,1,0,31,0.004,184,0.026,239,0.034,5810,0.823,14,0.002,2,0,111,0.016,659,0.093,4,0.001,0,0,901,0.112,0,0,0,0,1,0.001,6,0.007,16,0.018,796,0.883,0,0,0,0,4,0.004,78,0.087,0,0,0,0,288,0.32,608,0.675,5,0.006,,,,,,,,,24,24,24,24,15,15.5,19.8,17.1,264,86,18,0.209,68,0.791,0,0,69,0.23,16,0.23,19,0.28,1,0.01,33,0.48
CaremarkPCS Health L.L.C.,,2021,,,,,,,,,,,,,,,,,,,,,,,,,,,,,,,,,,,,,,,,,,,,,,,,,,,,,,,,,,,,,,,,,,,,,,,,,,,,,,,,,,,6,0.02,1,0.17,1,0.17,0,0,4,0.67
"CIGNA Dental Health of Maryland, Inc.",,2021,47,0.001,0,0,0,0,0,0,0,0,0,0,0,0,0,0,0,0,0,0,47,1,0,0,0,0,,,,,,,,,,,,,,,,,,,,,,,,,,,,,,,,,,,,,,,,,,,,,,,,,,,,,,,,,,,,,,,,,,
CIGNA Health and Life Insurance Company,67369,2021,17081,0.211,284,0.017,0,0,65,0.004,737,0.043,6699,0.392,5464,0.32,3499,0.205,3,0,48,0.003,162,0.009,85,0.005,35,0.002,590,0.073,15,0.025,0,0,18,0.031,65,0.11,198,0.336,201,0.341,44,0.075,0,0,2,0.003,45,0.076,1,0.002,1,0.002,311,0.527,259,0.439,20,0.034,15,5,3,0.6,1,0.2,1,0.2,10.1,34.8,21.8,29,20.9,25.3,23.4,25.7,19,19,12,0.632,6,0.316,1,0.053,17,0.06,7,0.41,5,0.29,0,0,5,0.29
Combined Insurance Company of America,62146,2021,,,,,,,,,,,,,,,,,,,,,,,,,,,7,0.001,0,0,0,0,0,0,0,0,0,0,0,0,0,0,0,0,0,0,0,0,0,0,7,1,2,0.286,5,0.714,0,0,,,,,,,,,,,,,29,29,0,0,,,,,,,,,,,,,,,,,,
Connecticut General Life Insurance Company,,2021,7,0,0,0,0,0,0,0,0,0,4,0.571,0,0,3,0.429,0,0,0,0,0,0,0,0,0,0,,,,,,,,,,,,,,,,,,,,,,,,,,,,,,,,,,,,,,,,,,,,,,,,,,,,,,,,,,,,,,,,,,
Delta Dental Insurance Company,81396,2021,8,0,0,0,0,0,0,0,0,0,0,0,0,0,0,0,0,0,0,0,8,1,0,0,0,0,75,0.009,0,0,0,0,0,0,0,0,0,0,0,0,0,0,0,0,0,0,75,1,0,0,0,0,46,0.613,22,0.293,7,0.093,,,,,,,,,,,,,20,21.5,31,49,,,,,,,,,2,0.01,0,0,0,0,1,1,1,0.5
Delta Dental of Pennsylvania,54798,2021,55,0.001,0,0,0,0,0,0,0,0,0,0,0,0,0,0,0,0,0,0,55,1,0,0,0,0,419,0.052,0,0,0,0,0,0,0,0,0,0,0,0,0,0,0,0,0,0,419,1,0,0,0,0,285,0.68,87,0.208,47,0.112,,,,,,,,,,,,,20,20,33,35.6,,,,,,,,,,,,,,,,,,
Dentegra Insurance Company,73474,2021,9,0,0,0,0,0,0,0,0,0,0,0,0,0,0,0,0,0,0,0,9,1,0,0,0,0,39,0.005,0,0,0,0,0,0,0,0,0,0,0,0,0,0,0,0,0,0,39,1,0,0,0,0,21,0.538,17,0.436,1,0.026,,,,,,,,,,,,,0,22.5,38,35.6,,,,,,,,,,,,,,,,,,
"Dental Network, Inc. The",52007,2021,8,0,0,0,0,0,0,0,0,0,0,0,0,0,0,0,0,0,0,0,9,1.125,0,0,0,0,,,,,,,,,,,,,,,,,,,,,,,,,,,,,,,,,,,,,,,,,,,,,0,117,100.5,150,,,,,,,,,,,,,,,,,,
"Dominion Dental Services, Inc.",95657,2021,1111,0.014,0,0,0,0,0,0,0,0,0,0,0,0,0,0,0,0,0,0,1111,1,0,0,0,0,153,0.019,0,0,0,0,0,0,1,0.25,2,0.5,0,0,0,0,0,0,0,0,153,1,0,0,0,0,79,0.516,60,0.392,14,0.092,,,,,,,,,,,,,29,29,28.5,27.4,,,,,,,,,,,,,,,,,,
Express Scripts Insurance Company,,2021,,,,,,,,,,,,,,,,,,,,,,,,,,,,,,,,,,,,,,,,,,,,,,,,,,,,,,,,,,,,,,,,,,,,,,,,,,,,,,,,,,,1,0,0,0,0,0,0,0,1,1
Golden Rule Insurance Company,62286,2021,12,0,0,0,0,0,5,0.417,0,0,6,0.5,0,0,0,0,0,0,0,0,0,0,0,0,1,0.083,4,0,0,0,0,0,1,0.25,0,0,0,0,0,0,0,0,0,0,0,0,0,0,0,0,0,0,2,0.5,2,0.5,0,0,,,,,,,,,,,,,0,20,0,38,,,,,,,,,,,,,,,,,,
"Group Dental Service of Maryland, Inc.",95846,2021,1922,0.024,0,0,0,0,0,0,0,0,0,0,0,0,0,0,0,0,0,0,1922,1,0,0,0,0,1,0,0,0,0,0,0,0,0,0,0,0,0,0,0,0,0,0,0,0,1,1,0,0,0,0,1,1,0,0,0,0,,,,,,,,,,,,,,,,,,,,,,,,,,,,,,,,,,
"Group Hospitalization and Medical Services, Inc.",53007,2021,5515,0.068,6,0.001,0,0,39,0.007,199,0.036,273,0.05,4522,0.82,19,0.003,0,0,80,0.015,373,0.068,4,0.001,0,0,787,0.097,1,0.001,2,0.003,4,0.005,24,0.03,30,0.038,605,0.769,1,0.001,0,0,25,0.032,95,0.121,0,0,0,0,297,0.377,481,0.611,9,0.011,1,1,1,1,0,0,0,0,24,24,24,24,19.8,25.4,27.2,0,218,65,32,0.492,33,0.508,0,0,16,0.05,7,0.44,3,0.19,0,0,6,0.38
Guardian Life Insurance Company of America,64246,2021,1263,0.016,0,0,0,0,0,0,0,0,0,0,0,0,0,0,0,0,0,0,1263,1,0,0,0,0,548,0.068,0,0,0,0,0,0,0,0,0,0,0,0,0,0,0,0,0,0,548,1,0,0,0,0,338,0.617,94,0.172,116,0.212,,,,,,,,,,,,,3,3,3,20.3,,,,,,,,,13,0.04,5,0.38,2,0.15,0,0,6,0.46
Johns Hopkins HealthCare LLC,,2021,90,0.001,16,0.178,0,0,1,0.011,19,0.211,15,0.167,4,0.044,0,0,0,0,4,0.044,0,0,0,0,31,0.344,40,0.005,9,0.225,3,0.075,0,0,5,0.125,12,0.3,10,0.25,0,0,0,0,1,0.025,0,0,0,0,0,0,,,,,,,9,3,1,0.333,2,0.667,0,0,,,,,16,0,0,23,,,,,,,,,,,,,,,,,,
"Kaiser Foundation Health Plan-Mid-Atlantic States, Inc.",95639,2021,812,0.01,33,0.041,0,0,37,0.046,165,0.203,21,0.026,0,0,0,0,0,0,133,0.164,10,0.012,11,0.014,311,0.383,80,0.01,8,0.1,0,0,18,0.225,22,0.275,1,0.013,1,0.013,13,0.163,1,0.013,1,0.013,1,0.013,0,0,14,0.175,65,0.813,15,0.188,0,0,,,,,,,,,73,230.6,312,41.3,16.2,28.5,21.7,16.5,12,12,9,0.75,3,0.25,0,0,13,0.04,3,0.23,3,0.23,0,0,7,0.54
Kaiser Permanente Insurance Company,60053,2021,61,0.001,24,0.393,0,0,0,0,18,0.295,4,0.066,0,0,0,0,0,0,0,0,0,0,0,0,0,0,8,0.001,3,0.375,0,0,0,0,3,0.375,0,0,0,0,2,0.25,0,0,0,0,0,0,0,0,0,0,6,0.75,2,0.25,0,0,1,1,1,1,0,0,0,0,,,,,9.8,7,2,7,,,,,,,,,,,,,,,,,,
Lincoln Life and Annuity Company of New York,,2021,1,0,0,0,0,0,0,0,0,0,0,0,0,0,0,0,0,0,0,0,1,1,0,0,0,0,,,,,,,,,,,,,,,,,,,,,,,,,,,,,,,,,,,,,,,,,,,,,,,,,,,,,,,,,,,,,,,,,,
Lincoln National Life Insurance Company,,2021,117,0.001,0,0,0,0,0,0,0,0,0,0,0,0,0,0,0,0,0,0,117,1,0,0,0,0,,,,,,,,,,,,,,,,,,,,,,,,,,,,,,,,,,,,,,,,,,,,,,,,,,,,,,,,,,,,,,,,,,
MAMSI Life and Health Insurance Company,60321,2021,916,0.011,7,0.008,0,0,9,0.01,92,0.1,81,0.088,613,0.669,2,0.002,0,0,25,0.027,73,0.08,6,0.007,8,0.009,104,0.013,1,0.01,0,0,4,0.038,8,0.077,7,0.067,0,0,0,0,0,0,2,0.019,0,0,0,0,9,0.087,52,0.5,51,0.49,1,0.01,,,,,,,,,2,60,14,9,37,33,25,32,31,31,10,0.323,21,0.677,0,0,5,0.02,0,0,1,0.2,0,0,4,0.8
Metropolitan Life Insurance Company,65978,2021,668,0.008,0,0,0,0,0,0,0,0,0,0,0,0,0,0,0,0,0,0,668,1,0,0,0,0,21,0.003,0,0,0,0,0,0,0,0,0,0,0,0,0,0,0,0,0,0,21,1,0,0,0,0,21,1,0,0,0,0,,,,,,,,,,,,,11.2,18.6,15.3,12.6,,,,,,,,,2,0.01,0,0,0,0,0,0,2,1
National Health Life Insurance Company,82538,2021,5,0,2,0.4,0,0,0,0,2,0.4,0,0,0,0,0,0,0,0,0,0,1,0.2,0,0,0,0,1,0,0,0,0,0,0,0,0,0,0,0,0,0,0,0,0,0,0,0,1,1,0,0,0,0,1,1,0,0,0,0,,,,,,,,,,,,,6,5,0,6,,,,,,,,,,,,,,,,,,
"Optimum Choice, Inc.",96940,2021,2376,0.029,101,0.043,1,0,5,0.002,218,0.092,291,0.122,1544,0.65,26,0.011,1,0,35,0.015,62,0.026,6,0.003,86,0.036,227,0.028,4,0.018,5,0.022,1,0.004,18,0.079,43,0.189,101,0.445,7,0.031,1,0.004,4,0.018,0,0,0,0,0,0,109,0.48,112,0.493,6,0.026,,,,,,,,,20,60,14,7,35,34,32,35,34,34,12,0.353,22,0.647,0,0,5,0.02,0,0,1,0.2,0,0,4,0.8
Principal Life Insurance Company,61271,2021,695,0.009,0,0,0,0,0,0,0,0,0,0,0,0,0,0,0,0,0,0,695,1,0,0,0,0,13,0.002,0,0,0,0,0,0,0,0,0,0,0,0,0,0,0,0,0,0,13,1,0,0,0,0,10,0.769,1,0.077,2,0.154,,,,,,,,,,,,,6,7,10,11,,,,,,,,,2,0.01,0,0,1,0.5,0,0,1,0.5
Reliance Standard Life Insurance Company,68381,2021,13,0,0,0,0,0,0,0,0,0,0,0,0,0,0,0,0,0,0,0,13,1,0,0,0,0,2,0,0,0,0,0,0,0,0,0,0,0,0,0,0,0,0,0,0,0,2,1,0,0,0,0,2,1,0,0,0,0,,,,,,,,,,,,,56,0,32,0,,,,,,,,,,,,,,,,,,
Standard Insurance Company,69019,2021,71,0.001,0,0,0,0,0,0,0,0,0,0,0,0,0,0,0,0,0,0,71,1,0,0,0,0,14,0.002,0,0,0,0,0,0,0,0,0,0,0,0,0,0,0,0,0,0,14,1,0,0,0,0,6,0.429,4,0.286,4,0.286,,,,,,,,,,,,,8,28,26,22,,,,,,,,,,,,,,,,,,
Starmount Life Insurance Company,68985,2021,28,0,0,0,0,0,0,0,0,0,0,0,0,0,0,0,0,0,0,0,28,1,0,0,0,0,25,0.003,0,0,0,0,0,0,0,0,0,0,0,0,0,0,0,0,0,0,25,1,0,0,0,0,20,0.526,5,0.2,0,0,,,,,,,,,,,,,5,20,30,28,,,,,,,,,,,,,,,,,,
Sun Life Assurance Company of Canada,80802,2021,709,0.009,0,0,0,0,0,0,0,0,0,0,0,0,0,0,0,0,0,0,709,1,0,0,0,0,38,0.005,0,0,0,0,0,0,0,0,0,0,0,0,0,0,0,0,0,0,38,1,0,0,0,0,20,0.526,15,0.395,3,0.079,,,,,,,,,,,,,30,12.3,12,7,,,,,,,,,,,,,,,,,,
United Concordia Insurance Company,85766,2021,725,0.009,0,0,0,0,0,0,0,0,0,0,0,0,0,0,0,0,0,0,725,1,0,0,0,0,301,0.037,0,0,0,0,0,0,0,0,0,0,0,0,0,0,0,0,0,0,301,1,0,0,0,0,79,0.262,158,0.525,64,0.213,,,,,,,,,,,,,6.7,7.3,7.2,7.8,,,,,,,,,,,,,,,,,,
United of Omaha Life Insurance Company,69868,2021,89,0.001,0,0,0,0,0,0,0,0,0,0,0,0,0,0,0,0,0,0,89,1,0,0,0,0,37,0.005,0,0,0,0,0,0,0,0,0,0,0,0,0,0,0,0,0,0,37,1,0,0,0,0,8,0.216,29,0.784,0,0,,,,,,,,,,,,,4.4,3.2,5.6,4,,,,,,,,,,,,,,,,,,
UnitedHealthcare Insurance Company,79413,2021,15630,0.193,447,0.029,4,0,56,0.004,1296,0.083,3466,0.222,4597,0.294,42,0.003,9,0.001,122,0.008,5263,0.337,13,0.001,315,0.02,1151,0.143,10,0.009,0,0,10,0.009,106,0.092,302,0.262,413,0.359,3,0.3,1,0.1,0,0,154,0.134,0,0,132,0.115,431,0.39,647,0.585,28,0.025,2,2,2,1,0,0,0,0,22,42,20,43,38,37,35,33,189,168,52,0.31,112,0.667,4,0.024,68,0.22,18,0.26,10,0.15,2,0.03,37,0.54
"UnitedHealthcare of the Mid-Atlantic, Inc.",95025,2021,1547,0.019,39,0.025,3,0.002,7,0.005,357,0.231,530,0.343,554,0.358,4,0.003,0,0,16,0.01,9,0.006,4,0.003,24,0.016,54,0.007,1,0.019,0,0,0,0,5,0.093,19,0.352,24,0.444,0,0,0,0,0,0,0,0,0,0,5,0.093,14,0.259,37,0.685,3,0.056,,,,,,,,,29,28,17,12,32,33,29,40,11,11,0,0,10,0.909,1,0.091,5,0.01,2,0.4,0,0,0,0,3,0.6
Wellfleet Group LLC,,2021,67,0.001,10,0.149,1,0.015,1,0.015,10,0.149,11,0.164,23,0.343,9,0.134,0,0,0,0,0,0,0,0,2,0.03,15,0.002,2,0.133,0,0,0,0,0,0,2,0.133,11,0.733,0,0,0,0,0,0,0,0,0,0,0,0,6,0.357,9,0.643,0,0,1,1,0,0,1,1,0,0,0,0,24,0,33,10,10,0,,,,,,,,,,,,,,,,,,
Wellfleet Insurance Company,32280,2021,18,0,0,0,0,0,1,0.056,0,0,8,0.444,1,0.056,8,0.444,0,0,0,0,0,0,0,0,0,0,1,0,0,0,0,0,0,0,0,0,0,0,1,1,NA,NA,0,0,0,0,0,0,0,0,0,0,0,0,1,1,0,0,,,,,,,,,,,,,0,0,0,8,,,,,,,,,,,,,,,,,,
Total,,2021,81143,1.001,1092,0.013,10,0,570,0.007,4589,0.057,14673,0.181,38893,0.479,3720,0.046,25,0,1364,0.017,15134,0.187,143,0.002,825,0.01,8073,1.002,105,0.013,20,0.002,71,0.009,452,0.056,808,0.1,3716,0.46,77,0.01,5,0.00062,123,0.015,2375,0.294,3,0,182,0.023,3516,0.436,4090,0.507,382,0.047,41,18,12,0.667,5,0.2778,1,0.056,660.1,527.4,494.8,213.3,620.2,729.9,719.5,832.9,1315,608,186,0.306,416,0.684,6,0.01,308,1,90,0.292,68,0.221,5,0.016,144,0.468
4 Ever Life Insurance Company,80985,2022,,,,,,,,,,,,,,,,,,,,,,,,,,,9,0.001,0,0,1,0.111,0,0,5,0.556,1,0.111,2,0.22,0,0,0,0,0,0,0,0,0,0,0,0,0,0,9,1,0,0,,,,,,,,,,,,,7,32,0,0,,,,,,,,,,,,,,,,,,
"Aetna Dental, Inc.", ,2022,672,0.007,0,0,0,0,0,0,0,0,0,0,0,0,0,0,0,0,0,0,672,1,0,0,0,0,,,,,,,,,,,,,,,,,,,,,,,,,,,,,,,,,,,,,,,,,,,,,,,,,,,,,,,,,,,,,,,,,,
Aetna Health Inc. ( a Pennsylvania corporation ),95109,2022,116,0.001,43,0.371,0,0,15,0.129,27,0.233,0,0,0,0,0,0,0,0,0,0,0,0,2,0.017,2,0.017,240,0.022,17,0.071,12,0.05,0,0,97,0.404,55,0.229,55,0.229,1,0.004,0,0,1,0.004,0,0,0,0,2,0.008,126,0.525,109,0.454,5,0.021,,,,,,,,,,,,,18.2,20.9,23.8,21.2,,,,,,,,,1,0,1,1,0,0,0,0,0,0
Aetna Health Insurance Company,,2022,,,,,,,,,,,,,,,,,,,,,,,,,,,,,,,,,,,,,,,,,,,,,,,,,,,,,,,,,,,,,,,,,,,,,,,,,,,,,,,,,,,4,0.01,3,0.75,1,0.25,0,0,0,0
Aetna Life Insurance Company,60054,2022,284,0.003,102,0.359,0,0,32,0.113,94,0.331,12,0.042,27,0.233,0,0,0,0,0,0,0,0,4,0.014,4,0.014,183,0.017,10,0.055,11,0.06,0,0,66,0.361,44,0.24,38,0.208,0,0,0,0,1,0.005,4,0.022,1,0.005,8,0.044,102,0.557,78,0.426,3,0.016,,,,,,,,,,,,,19.2,22.7,22.7,24.8,,,,,,,,,6,0.02,2,0.33,1,0.17,0,0,3,0.5
"Alpha Dental Programs, Inc.",95183,2022,5,0,0,0,0,0,0,0,0,0,0,0,36,0.127,0,0,0,0,0,0,5,1,0,0,0,0,157,0.015,0,0,0,0,0,0,0,0,0,0,0,0,0,0,0,0,0,0,157,1,0,0,0,0,98,0.624,43,0.274,16,0.102,,,,,,,,,,,,,43.8,41.1,49,74.5,,,,,,,,,,,,,,,,,,
Ameritas Life Insurance Corp.,61301,2022,454,0.005,0,0,0,0,0,0,0,0,0,0,0,0,0,0,0,0,0,0,454,1,0,0,0,0,181,0.017,0,0,0,0,0,0,0,0,0,0,0,0,0,0,0,0,0,0,181,1,0,0,0,0,104,0.575,62,0.343,15,0.083,,,,,,,,,,,,,32,33,28,28,,,,,,,,,1,0,0,0,0,0,0,0,1,1
"CareFirst BlueChoice, Inc.",96202,2022,25416,0.267,9,0,7,0,347,0.014,1063,0.042,4284,0.169,19065,0.75,65,0.003,5,0,537,0.021,8,0,12,0,14,0.001,2087,0.194,4,0.002,1,0,1,0,64,0.031,264,0.126,1600,0.767,10,0.005,1,0,140,0.067,1,0,0,0.002,1,0,1001,0.48,1083,0.519,3,0.001,3,1,1,1,0,0,0,0,24,24,24,24,16.4,16.9,21.7,21.7,185,185,88,0.476,97,0.524,0,0,89,0.28,21,0.24,31,0.35,0,0,37,0.42
"CareFirst of Maryland, Inc.",47058,2022,9684,0.1,0,0,1,0,64,0.007,140,0.014,407,0.042,8004,0.827,31,0.003,1,0,126,0.013,903,0.093,1,0,6,0.001,1068,0.099,0,0,0,0,0,0,3,0.003,26,0.024,968,0.906,0,0,0,0,4,0.004,67,0.063,0,0,0,0,412,0.386,654,0.612,2,0.002,,,,,,,,,24,24,24,24,12.8,14.2,22,22,322,64,26,0.406,38,0.594,0,0,79,0.25,21,0.27,34,0.43,0,0,24,0.3
CaremarkPCS Health L.L.C.,,2022,,,,,,,,,,,,,,,,,,,,,,,,,,,,,,,,,,,,,,,,,,,,,,,,,,,,,,,,,,,,,,,,,,,,,,,,,,,,,,,,,,,3,0.01,1,0.33,1,0.33,0,0,1,0.33
Chesapeake Life Insurance Company,61832,2022,,,,,,,,,,,,,,,,,,,,,,,,,,,,,,,,,,,,,,,,,,,,,,,,,,,,,,,,,,,,,,,,,,,,,,,,,,,,,,,,,,,,,,,,,,,,
"CIGNA Dental Health of Maryland, Inc.",48119,2022,32,0,0,0,0,0,0,0,0,0,0,0,0,0,0,0,0,0,0,0,32,1,0,0,0,0,,,,,,,,,,,,,,,,,,,,,,,,,,,,,,,,,,,,,,,,,,,,,,,,,,,,,,,,,,,,,,,,,,
CIGNA Health and Life Insurance Company,67369,2022,17818,0.187,294,0.017,93,0.005,85,0.005,867,0.049,4946,0.278,7623,0.428,3568,0.2,4,0,29,0.002,247,0.014,42,0.002,20,0.001,667,0.062,17,0.025,0,0,27,0.04,77,0.115,212,0.318,264,0.396,21,0.031,0,0,0,0,48,0.072,0,0,1,0.001,327,0.49,328,0.492,12,0.018,17,4,1,0.25,3,0.75,0,0,19.6,16.1,27.1,31.3,27.1,26.3,30.1,41.5,46,31,16,0.516,13,0.419,2,0.065,10,0.03,4,0.4,3,0.3,0,0,3,0.3
Connecticut General Life Insurance Company,,2022,8,0,0,0,0,0,0,0,0,0,8,1,0,0,0,0,0,0,0,0,0,0,0,0,0,0,,,,,,,,,,,,,,,,,,,,,,,,,,,,,,,,,,,,,,,,,,,,,,,,,,,,,,,,,,,,,,,,,,
Delta Dental Insurance Company,81396,2022,9,0,0,0,0,0,0,0,0,0,0,0,0,0,0,0,0,0,0,0,9,1,0,0,0,0,105,0.01,0,0,0,0,0,0,0,0,0,0,0,0,0,0,0,0,0,0,105,1,0,0,0,0,73,0.695,29,0.276,3,0.029,,,,,,,,,,,,,33.6,41.4,39.5,48,,,,,,,,,1,0,0,0,0,0,0,0,1,1
Delta Dental of Pennsylvania,54798,2022,67,0.001,0,0,0,0,0,0,0,0,0,0,0,0,0,0,0,0,0,0,67,1,0,0,0,0,642,0.062,0,0,0,0,0,0,0,0,0,0,0,0,0,0,0,0,0,0,642,1,0,0,0,0,444,0.692,181,0.282,17,0.026,,,,,,,,,,,,,35.5,35.3,42.7,58.7,,,,,,,,,2,0.01,1,0.5,0,0,0,0,1,0.5
Dentegra Insurance Company,73474,2022,4,0,0,0,0,0,0,0,0,0,0,0,0,0,0,0,0,0,0,0,4,1,0,0,0,0,65,0.006,0,0,0,0,0,0,0,0,0,0,0,0,0,0,0,0,0,0,65,1,0,0,0,0,48,0.738,16,0.246,1,0.015,,,,,,,,,,,,,35.8,34.3,42.1,72,,,,,,,,,,,,,,,,,,
"Dental Network, Inc. The",52007,2022,8,0,0,0,0,0,0,0,0,0,0,0,0,0,0,0,0,0,0,0,8,1,0,0,0,0,,,,,,,,,,,,,,,,,,,,,,,,,,,,,,,,,,,,,,,,,,,,,0,72,6,0,,,,,,,,,,,,,,,,,,
"Dominion Dental Services, Inc.",95657,2022,2551,0.027,0,0,0,0,0,0,0,0,0,0,0,0,0,0,0,0,0,0,2551,1,0,0,0,0,200,0.019,0,0,0,0,0,0,0,0,0,0,0,0,0,0,0,0,0,0,200,1,0,0,0,0,102,0.51,88,0.44,10,0.05,,,,,,,,,,,,,28,52.8,58,75.8,,,,,,,,,2,0.01,1,0.5,0,0,0,0,1,0
Express Scripts Insurance Company,,2022,,,,,,,,,,,,,,,,,,,,,,,,,,,,,,,,,,,,,,,,,,,,,,,,,,,,,,,,,,,,,,,,,,,,,,,,,,,,,,,,,,,1,0,1,1,0,0,0,0,0,0.12
Golden Rule Insurance Company,62286,2022,14,0,2,0.143,0,0,0,0,5,0.357,7,0.5,0,0,0,0,0,0,0,0,0,0,0,0,0,0,6,0.001,0,0,0,0,0,0,1,0.167,4,0.667,1,0.167,0,0,0,0,0,0,0,0,0,0,0,0,3,0.5,2,0.333,1,0.167,,,,,,,,,,,,,22,30,44,42,,,,,,,,,,,,,,,,,,
"Group Dental Service of Maryland, Inc.",95846,2022,21,0,0,0,0,0,0,0,0,0,0,0,0,0,0,0,0,0,0,0,21,1,0,0,0,0,NA,NA,NA,NA,NA,NA,0,0,21,0.021,54,0.055,NA,NA,NA,NA,NA,NA,NA,NA,NA,NA,NA,NA,NA,NA,,,,,,,,,,,,,,,,,,,,,,,,,,,,,,,,,,,,,,,,
"Group Hospitalization and Medical Services, Inc.",53007,2022,7604,0.08,3,0,1,0,42,0.006,171,0.022,426,0.056,6344,0.834,8,0.001,0,0,103,0.014,496,0.065,2,0,8,0.001,988,0.092,1,0.001,0,0,0,0,0,0,0,0,789,0.799,0,0,0,0,22,0.022,99,0.1,1,0.001,1,0.001,399,0.404,585,0.592,4,0.004,,,,,,,,,24,24,24,24,12.8,19.1,31.8,33.5,296,65,27,0.415,38,0.585,0,0,17,0.05,9,0.53,6,0.35,0,0,0,0.12
Guardian Life Insurance Company of America,64246,2022,1535,0.016,0,0,0,0,0,0,0,0,0,0,0,0,0,0,0,0,0,0,1535,1,0,0,0,0,938,0.087,0,0,0,0,0,0,0,0,0,0,0,0,0,0,0,0,0,0,938,1,0,0,0,0,502,0.535,180,0.192,256,0.273,,,,,,,,,,,,,3,3,3,3,,,,,,,,,12,0.04,5,0.42,0,0,0,0,2,0.12
Independence American Insurance Company,26581,2022,,,,,,,,,,,,,,,,,,,,,,,,,,,2,0,0,0,0,0,0,0,1,0.5,0,0,0,0,1,0.5,0,0,0,0,0,0,0,0,0,0,0,0,2,1,0,0,,,,,,,,,,,,,1,7,0,0,,,,,,,,,,,,,,,,,,
Johns Hopkins HealthCare LLC,,2022,79,0.001,26,0.329,0,0,0,0,9,0.114,0,0,0,0,0,0,0,0,5,0.063,0,0,0,0,39,0.491,73,0.007,28,0.384,2,0.027,3,0.041,7,0.096,15,0.205,18,0.247,0,0,0,0,0,0,0,0,0,0,0,0,35,0.479,35,0.479,3,0.041,27,4,0,0,3,0.75,1,0.25,265,0,0,0,24,19,24,20,,,,,,,,,,,,,,,,,,
"Kaiser Foundation Health Plan-Mid-Atlantic States, Inc.",95639,2022,1432,0.015,298,0.208,0,0,125,0.087,204,0.142,23,0.016,11,0.008,110,0.077,82,0.057,146,0.102,14,0.01,18,0.013,401,0.28,92,0.009,7,0.076,0,0,18,0.196,40,0.435,5,0.054,0,0,8,0.087,3,0.033,6,0.065,0,0,0,0,5,0.054,62,0.674,30,0.326,0,0,,,,,,,,,19.5,53.7,31.8,48,21.8,27.1,26,27,11,11,6,0.545,5,0.455,0,0,11,0.03,6,0.55,0,0,0,0,7,0.58
Kaiser Permanente Insurance Company,60053,2022,42,0,15,0.357,0,0,0,0,8,0.19,14,0.333,0,0,2,0.048,0,0,3,0.071,0,0,0,0,0,0,7,0.001,2,0.286,0,0,0,0,3,0.429,1,0.143,0,0,1,0.143,0,0,0,0,0,0,0,0,0,0,4,0.571,3,0.429,0,0,2,1,1,1,0,0,0,0,,,,,1.7,2.3,1.6,1.6,,,,,,,,,,,,,,,,,,
"Lincoln National Life Insurance Company, The",,2022,98,0.001,0,0,0,0,0,0,0,0,0,0,0,0,0,0,0,0,0,0,98,1,0,0,0,0,,,,,,,,,,,,,,,,,,,,,,,,,,,,,,,,,,,,,,,,,,,,,,,,,,,,,,,,,,,,,,,,,,
MAMSI Life and Health Insurance Company,60321,2022,1229,0.013,9,0.007,0,0,1,0.001,134,0.109,93,0.076,905,0.736,2,0.002,0,0,22,0.018,44,0.036,2,0.002,17,0.014,88,0.008,0,0,0,0,1,0.011,4,0.045,12,0.136,54,0.614,4,0.045,0,0,3,0.034,0,0,0,0,10,0.114,52,0.591,34,0.386,2,0.023,,,,,,,,,13,12,47,55,34,43,32,31,25,25,12,0.48,13,0.52,0,0,1,0,0,0,4,4,0,0,5,0.45
Metropolitan Life Insurance Company,65978,2022,528,0.006,0,0,0,0,0,0,0,0,0,0,0,0,0,0,0,0,0,0,528,1,0,0,0,0,29,0.003,0,0,0,0,0,0,0,0,0,0,0,0,0,0,0,0,0,0,29,1,0,0,0,0,26,0.897,0,0,3,0.103,,,,,,,,,,,,,13.7,20.4,18.4,14.5,,,,,,,,,,,,,,,,,,
National Health Life Insurance Company,82538,2022,2,0,1,0.5,0,0,0,0,1,0.5,0,0,0,0,0,0,0,0,0,0,0,0,0,0,0,0,,,,,,,,,,,,,,,,,,,,,,,,,,,,,,,,,,,,,,,,,,,,,0,8,0,0,,,,,,,,,,,,,,,,,,
"Optimum Choice, Inc.",96940,2022,3056,0.032,114,0.037,3,0.001,0,0,212,0.069,351,0.115,2122,0.694,20,0.007,0,0,28,0.009,110,0.036,4,0.001,92,0.03,489,0.045,5,0.01,3,0.006,0,0,73,0.149,81,0.166,159,0.325,5,0.01,1,0.002,2,0.004,0,0,4,0.008,156,0.319,261,0.534,220,0.45,8,0.016,,,,,,,,,14,13,32,34,34,35,63,50,62,62,24,0.387,38,0.613,0,0,6,0.02,0,0,0,0,0,0,0,0
Principal Life Insurance Company,61271,2022,752,0.008,0,0,0,0,0,0,0,0,0,0,0,0,0,0,0,0,0,0,752,1,0,0,0,0,35,0.003,0,0,0,0,0,0,0,0,0,0,0,0,0,0,0,0,0,0,35,1,0,0,0,0,27,0.771,6,0.171,2,0.057,,,,,,,,,,,,,12,15.3,15.8,10.2,,,,,,,,,,,,,,,,,,
Prudential Insurance Company of America,68241,2022,,,,,,,,,,,,,,,,,,,,,,,,,,,,,,,,,,,,,,,,,,,,,,,,,,,,,,,,,,,,,,,,,,,,,,,,,,,,,,,,,,,,,,,,,,,,
Reliance Standard Life Insurance Company,68381,2022,9,0,0,0,0,0,0,0,0,0,0,0,0,0,0,0,0,0,0,0,9,1,0,0,0,0,3,0,0,0,0,0,0,0,0,0,0,0,0,0,0,0,0,0,0,0,3,1,0,0,0,0,3,1,0,0,0,0,,,,,,,,,,,,,0,0,0,28,,,,,,,,,,,,,,,,,,
Standard Insurance Company,69019,2022,118,0.001,0,0,0,0,0,0,0,0,0,0,0,0,0,0,0,0,0,0,118,1,0,0,0,0,27,0.003,0,0,0,0,0,0,0,0,0,0,0,0,0,0,0,0,0,0,27,1,0,0,0,0,13,0.481,13,0.481,1,0.037,,,,,,,,,,,,,27,17,19,23,,,,,,,,,,,,,,,,,,
Starmount Life Insurance Company,68985,2022,12,0,0,0,0,0,0,0,0,0,0,0,0,0,0,0,0,0,0,0,12,1,0,0,0,0,15,0.001,0,0,0,0,0,0,0,0,0,0,0,0,0,0,0,0,0,0,15,1,0,0,0,0,11,0.733,4,0.267,0,0,,,,,,,,,,,,,15,23,14,0,,,,,,,,,,,,,,,,,,
Sun Life Assurance Company of Canada,80802,2022,545,0.006,0,0,0,0,0,0,0,0,0,0,0,0,0,0,0,0,0,0,545,1,0,0,0,0,47,0.004,0,0,0,0,0,0,0,0,0,0,0,0,0,0,0,0,0,0,47,1,0,0,0,0,25,0.532,15,0.652,7,0.149,,,,,,,,,,,,,8,8,14,15,,,,,,,,,,,,,,,,,,
United Concordia Insurance Company,85766,2022,576,0.006,0,0,0,0,0,0,0,0,0,0,0,0,0,0,0,0,0,0,576,1,0,0,0,0,253,0.024,0,0,0,0,0,0,0,0,0,0,0,0,0,0,0,0,0,0,253,1,0,0,0,0,8,0.348,15,0.652,0,0,,,,,,,,,,,,,4.2,7.5,5.4,9.8,,,,,,,,,1,0,0,0,14,14,0,0,2,0.33
United of Omaha Life Insurance Company,69868,2022,208,0.002,0,0,0,0,0,0,0,0,0,0,0,0,0,0,0,0,0,0,208,1,0,0,0,0,23,0.002,0,0,0,0,0,0,0,0,0,0,0,0,0,0,0,0,0,0,23,1,0,0,0,0,99,0.391,141,0.557,13,0.051,,,,,,,,,,,,,,,,,,,,,,,,,,,,,,,,,,
UnitedHealthcare Insurance Company,79413,2022,16264,0.171,485,0.03,7,0,59,0.004,1189,0.073,2981,0.183,6032,0,26,0.002,6,0,149,0.009,5030,0.309,9,0.001,291,0.018,1500,0.139,7,0.005,0,0,17,0.011,72,0.048,486,0.324,483,0.322,13,0.009,1,0.015,36,0.024,230,0.153,0,0,156,0.104,541,0.361,913,0.609,46,0.031,1,1,1,1,0,0,0,0,22,18,22,39,35,36,38,0,237,217,54,0.249,160,0.737,3,0.014,67,0.21,14,0.21,0,0,0,0,39,0.58
"UnitedHealthcare of the Mid-Atlantic, Inc.",95025,2022,3833,0.04,18,0.005,0,0,0,0,409,0.107,950,0.248,2416,0,4,0.001,1,0,13,0.003,9,0.002,0,0,13,0.003,65,0.006,0,0,0,0,1,0.015,7,0.108,24,0.369,26,0.4,0,0,0,0,1,0.015,0,0,0,0,5,0.077,27,0.415,36,0.554,2,0.031,,,,,,,,,13,13,174,19,26,32,37,36,14,12,6,0.5,5,0.417,1,0.083,3,0.01,2,0.67,2,0.67,0,0,1,0.33
Wellfleet Group LLC,,2022,183,0.002,35,0.191,0,0,1,0.005,10,0.055,3,0.016,84,0,49,0.268,0,0,0,0,0,0,1,0.005,0,0,20,0.002,4,0.2,0,0,1,0.05,4,0.2,0,0,11,0.55,0,0,0,0,0,0,0,0,0,0,0,0,8,0.4,12,0.6,0,0,,,,,,,,,,,,,5,10,31,29,,,,,,,,,,,,,,,,,,
Wellfleet Insurance Company,32280,2022,59,0.001,1,0.017,0,0,0,0,2,0.034,21,0.356,5,0,30,0.508,0,0,0,0,0,0,0,0,0,0,1,0,0,0,0,0,0,0,0,0,0,0,1,1,0,0,0,0,0,0,0,0,0,0,0,0,1,1,0,0,0,0,,,,,,,,,,,,,15,0,0,0,,,,,,,,,,,,,,,,,,
Total,,2022,95327,0.999,1455,0.015,112,0.001,771,0.008,4545,0.048,14526,0.152,52674,0.553,3915,0.041,99,0.001,1161,0.012,15065,0.158,97,0.001,907,0.01,10305,0.961,102,0.01,30,0.003,69,0.007,545,0.053,1284,0.125,4469,0.434,64,0.006,6,0.00058,216,0.021,3169,0.308,6,0.001,345,0.033,4944,0.48,4926,0.478,435,0.042,50,11,4,0.364,6,0.5455,1,0.091,438.1,197.8,405.9,298.3,624.6,805.6,803.6,861.8,1198,672,259,0.385,407,0.606,6,0.009,317,0.98,92,0.29,97,0.306,0,0,128,0.404
"Aetna Dental, Inc.",,2023,526,0.004,0,0,0,0,0,0,0,0,0,0,0,0,0,0,0,0,0,0,526,1,0,0,0,0,,,,,,,,,,,,,,,,,,,,,,,,,,,,,,,,,,,,,,,,,,,,,,,,,,,,,,,,,,,,,,,,,,
Aetna Health Inc. ( a Pennsylvania corporation ),95109,2023,152,0.001,59,0.388,0,0,6,0.039,54,0.355,0,0,14,0.092,3,0.02,5,0.033,0,0,0,0,1,0.007,10,0.066,246,0.023,15,0.061,5,0.02,4,0.016,91,0.37,49,0.199,79,0.321,1,0.004,1,0.004,1,0.004,0,0,0,0,0,0,122,0.496,116,0.472,8,0.033,,,,,,,,,,,,,19.2,21.6,23,18.1,,,,,,,,,1,0,1,1,0,0,0,0,0,0
Aetna Health Insurance Company,,2023,,,,,,,,,,,,,,,,,,,,,,,,,,,,,,,,,,,,,,,,,,,,,,,,,,,,,,,,,,,,,,,,,,,,,,,,,,,,,,,,,,,3,0.01,0,0,0,0,0,0,3,1
Aetna Life Insurance Company,60054,2023,310,0.002,147,0.474,0,0,10,0.032,64,0.206,9,0.029,29,0.094,4,0.013,12,0.039,3,0.01,0,0,3,0.01,29,0.094,279,0.026,30,0.108,12,0.043,5,0.018,84,0.301,47,0.168,77,0.276,14,0.05,0,0,0,0,4,0.014,0,0,6,0.022,176,0.631,96,0.344,7,0.025,,,,,,,,,,,,,21.3,22.7,23,19.7,,,,,,,,,6,0.02,1,0.17,1,0.17,1,17&,3,0.5
"Alpha Dental Programs, Inc.",,2023,7,0,0,0,0,0,0,0,0,0,0,0,0,0,0,0,0,0,0,0,7,1,0,0,0,0,,,,,,,,,,,,,,,,,,,,,,,,,,,,,,,,,,,,,,,,,,,,,,,,,,,,,,,,,,,,,,,,,,
Ameritas Life Insurance Corp.,61301,2023,432,0.003,0,0,0,0,0,0,0,0,0,0,0,0,0,0,0,0,0,0,432,1,0,0,0,0,282,0.027,0,0,0,0,0,0,0,0,0,0,0,0,0,0,0,0,0,0,282,1,0,0,0,0,151,0.535,94,0.333,37,0.131,,,,,,,,,,,,,26,21,16,13,,,,,,,,,,,,,,,,,,
"CareFirst BlueChoice, Inc.",96202,2023,30314,0.211,24,0.001,9,0,222,0.007,1029,0.034,6118,0.202,22110,0.729,88,0.003,13,0,662,0.022,7,0,13,0,19,0.001,2955,0.279,17,0.006,5,0.002,1,0,156,0.053,418,0.141,2198,0.744,12,0.004,19,0.006,119,0.04,4,0.001,1,0,5,0.002,1306,0.442,1647,0.557,2,0.001,19,7,5,0.714,2,0.286,0,0,24,24,24,24,29.9,21,18.2,21,253,114,46,0.404,68,0.596,0,0,125,0.39,46,0.37,40,0.32,0,0,39,0.31
"CareFirst of Maryland, Inc.",47058,2023,11231,0.078,5,0,0,0,37,0.003,209,0.019,622,0.055,9786,0.871,8,0.001,1,0,135,0.012,424,0.038,2,0,2,0,1136,0.107,1,0.001,0,0,0,0,3,0.003,31,0.027,1050,0.924,0,0,0,0,4,0.004,47,0.041,0,0,0,0,412,0.363,722,0.636,2,0.002,1,1,1,1,0,0,0,0,24,24,24,24,17.2,11.3,15.8,12.9,373,82,22,0.268,60,0.732,0,0,56,0.18,11,0.2,18,0.32,0,0,27,0.48
Chesapeake Life Insurance Company,61832,2023,,,,,,,,,,,,,,,,,,,,,,,,,,,2,0,0,0,0,0,0,0,0,0,0,0,0,0,0,0,0,0,0,0,2,1,0,0,0,0,1,0.5,1,0.5,0,0,,,,,,,,,,,,,21,0,0,26,,,,,,,,,,,,,,,,,,
"CIGNA Dental Health of Maryland, Inc.",48119,2023,43,0,0,0,0,0,0,0,0,0,0,0,0,0,0,0,0,0,0,0,43,1,0,0,0,0,3,0,0,0,0,0,0,0,0,0,0,0,0,0,0,0,0,0,0,0,3,1,0,0,0,0,3,1,0,0,0,0,,,,,,,,,,,,,28,0,0,14,,,,,,,,,,,,,,,,,,
CIGNA Health and Life Insurance Company,67369,2023,19639,0.137,322,0.016,172,0.009,44,0.002,1021,0.052,4649,0.237,9703,0.494,3234,0.165,3,0,29,0.001,391,0.02,47,0.002,24,0.001,610,0.058,11,0.018,0,0,22,0.036,62,0.102,207,0.339,239,0.392,19,0.031,2,0.003,0,0,48,0.079,0,0,0,0,316,0.518,286,0.469,8,0.013,10,4,3,0.75,1,0.25,0,0,23,27,56,16.4,41.3,55.8,60.7,50.9,53,36,24,0.667,12,0.333,0,0,11,0.03,4,0.36,1,0.09,0,0,6,0.55
Connecticut General Life Insurance Company,,2023,1,0,0,0,0,0,0,0,0,0,1,1,0,0,0,0,0,0,0,0,0,0,0,0,0,0,,,,,,,,,,,,,,,,,,,,,,,,,,,,,,,,,,,,,,,,,,,,,,,,,,,,,,,,,,,,,,,,,,
Delta Dental Insurance Company,81396,2023,,,,,,,,,,,,,,,,,,,,,,,,,,,2,0,0,0,0,0,0,0,0,0,0,0,0,0,0,0,0,0,0,0,2,1,0,0,0,0,1,0.5,1,0.5,0,0,,,,,,,,,,,,,0,0,0,3,,,,,,,,,1,0,1,1,0,0,0,0,0,0
Delta Dental of Pennsylvania,54798,2023,35,0,0,0,0,0,0,0,0,0,0,0,0,0,0,0,0,0,0,0,35,1,0,0,0,0,13,0.001,0,0,0,0,0,0,0,0,0,0,0,0,0,0,0,0,0,0,13,1,0,0,0,0,7,0.538,6,0.462,0,0,,,,,,,,,,,,,23,22.5,28,10,,,,,,,,,1,0,1,1,0,0,0,0,0,0
Dentegra Insurance Company,73474,2023,,,,,,,,,,,,,,,,,,,,,,,,,,,1,0,0,0,0,0,0,0,0,0,0,0,0,0,0,0,0,0,0,0,1,1,0,0,0,0,1,1,0,0,0,0,,,,,,,,,,,,,0,29,0,0,,,,,,,,,,,,,,,,,,
"Dental Network, Inc. The",52007,2023,5,0,0,0,0,0,0,0,0,0,0,0,0,0,0,0,0,0,0,0,5,1,0,0,0,0,,,,,,,,,,,,,,,,,,,,,,,,,,,,,,,,,,,,,,,,,,,,,0,72,6,0,,,,,,,,,,,,,,,,,,
"Dominion Dental Services, Inc.",95657,2023,2765,0.019,0,0,0,0,0,0,0,0,0,0,0,0,0,0,0,0,0,0,2765,1,0,0,0,0,273,0.026,0,0,0,0,0,0,0,0,0,0,0,0,0,0,0,0,0,0,273,1,0,0,0,0,194,0.711,75,0.275,4,0.015,,,,,,,,,,,,,61,47.5,38.8,46.3,,,,,,,,,1,0,1,1,2,2,0,0,2,0
Golden Rule Insurance Company,62286,2023,8,0,0,0,0,0,2,0.25,2,0.25,2,0.25,2,0.25,0,0,0,0,0,0,0,0,0,0,0,0,4,0,0,0,0,0,0,0,3,0.75,1,0.25,0,0,0,0,0,0,0,0,0,0,0,0,0,0,4,1,0,0,0,0,,,,,,,,,,,,,30,30,0,58,,,,,,,,,5,0.02,1,0.2,1,0.2,0,0,0,0
"Group Hospitalization and Medical Services, Inc.",53007,2023,8563,0.06,3,0,7,0.001,39,0.005,274,0.032,682,0.08,7197,0.84,7,0.001,0,0,141,0.016,209,0.024,1,0,3,0,921,0.087,2,0.002,0,0,1,0.001,37,0.04,63,0.068,736,0.799,2,0.002,1,0.001,18,0.02,59,0.064,0,0,0,0,370,0.402,550,0.597,1,0.001,2,2,0,0,2,1,0,0,24,24,24,24,28,23.3,13.3,16.1,301,61,30,0.492,31,0.508,0,0,1,0,6,6,6,6,0,0,8,8
Guardian Life Insurance Company of America,64246,2023,1307,0.009,0,0,0,0,0,0,0,0,0,0,0,0,0,0,0,0,0,0,1307,1,0,0,0,0,732,0.069,0,0,0,0,0,0,0,0,0,0,0,0,0,0,0,0,0,0,732,1,0,0,0,0,400,0.546,134,0.183,198,0.27,,,,,,,,,,,,,3,3,3,3,,,,,,,,,20,0.06,5,0.25,1,0.05,0,0,3,0.15
Johns Hopkins HealthCare LLC,,2023,27,0,1,0.037,0,0,0,0,3,0.111,0,0,0,0,0,0,0,0,4,0.148,0,0,1,0.037,18,0.667,3,0,0,0,2,0.667,0,0,1,0.333,0,0,0,0,0,0,0,0,0,0,0,0,0,0,0,0,,,,,,,,,,,,,,,,,,,16,0,0,0,,,,,,,,,,,,,,,,,,
"Kaiser Foundation Health Plan-Mid-Atlantic States, Inc.",95639,2023,1707,0.012,323,0.189,0,0,223,0.131,186,0.109,18,0.011,22,0.013,154,0.09,96,0.056,338,0.198,15,0.009,13,0.008,319,0.187,97,0.009,9,0.093,1,0.01,13,0.134,26,0.268,2,0.021,5,0.052,11,0.113,6,0.062,9,0.093,3,0.031,0,0,12,0.124,66,0.68,31,0.32,0,0,,,,,,,,,62.8,67.5,47,101,25.3,30.3,21.8,24.6,23,19,14,0.737,5,0.263,0,0,9,0.03,3,0.33,1,0.11,0,0,4,0.44
Kaiser Permanente Insurance Company,60053,2023,9,0,0,0,0,0,0,0,1,0.111,7,0.778,0,0,0,0,0,0,1,0.111,0,0,0,0,0,0,4,0,3,0.75,0,0,0,0,1,0.25,0,0,0,0,0,0,0,0,0,0,0,0,0,0,0,0,4,1,0,0,0,0,4,1,1,1,0,0,0,0,,,,,1.3,2.1,0,1,,,,,,,,,9,0.03,0,0,0,0,0,0,1,0.11
"Lincoln National Life Insurance Company, The",,2023,83,0.001,0,0,0,0,0,0,0,0,0,0,0,0,0,0,0,0,0,0,3,1,0,0,0,0,,,,,,,,,,,,,,,,,,,,,,,,,,,,,,,,,,,,,,,,,,,,,,,,,,,,,,,,,,,,,,,,,,
Lincoln Life and Annuity Company of New York,,2023,3,0,0,0,0,0,0,0,0,0,0,0,0,0,0,0,0,0,0,0,83,1,0,0,0,0,,,,,,,,,,,,,,,,,,,,,,,,,,,,,,,,,,,,,,,,,,,,,,,,,,,,,,,,,,,,,,,,,,
MAMSI Life and Health Insurance Company,60321,2023,1093,0.01,11,0.01,0,0,3,0.003,91,0.083,55,0.05,842,0.77,5,0.005,0,0,17,0.016,38,0.035,2,0.002,29,0.027,101,0.01,0,0,0,0,1,0.01,3,0.03,33,0.327,45,0.446,0,0,0,0,1,0.01,0,0,0,0,18,0.178,47,0.465,50,0.495,4,0.04,,,,,,,,,115,30,21,26,40,40,39,31,20,20,5,0.25,14,0.7,1,0.05,1,0,0,0,0,0,0,0,1,1
Metropolitan Life Insurance Company,65978,2023,719,0.005,0,0,0,0,0,0,0,0,0,0,0,0,0,0,0,0,0,0,719,1,0,0,0,0,55,0.005,0,0,0,0,0,0,0,0,0,0,0,0,0,0,0,0,0,0,55,1,0,0,0,0,16,0.291,27,0.491,12,0.218,,,,,,,,,,,,,12.6,26,13,9,,,,,,,,,,,,,,,,,,
National Health Life Insurance Company,,2023,1,0,1,1,0,0,0,0,0,0,0,0,0,0,0,0,0,0,0,0,0,0,0,0,0,0,,,,,,,,,,,,,,,,,,,,,,,,,,,,,,,,,,,,,,,,,,,,,,,,,,,,,,,,,,,,,,,,,,
"Optimum Choice, Inc.",96940,2023,2929,0.027,81,0.028,5,0.002,0,0,207,0.071,783,0.267,1462,0.499,36,0.012,1,0,44,0.015,170,0.058,7,0.002,133,0.045,684,0.065,5,0.007,2,0.003,1,0.001,73,0.107,102,0.149,272,0.398,3,0.004,3,0.004,5,0.007,0,0,1,0.001,217,0.317,379,0.554,291,0.425,14,0.02,,,,,,,,,16,25,26,28,27,28,31,36,169,163,74,0.454,87,0.534,2,0.012,1,0,2,2,5,5,0,0,1,1
Principal Life Insurance Company,61271,2023,1017,0.007,0,0,0,0,0,0,0,0,0,0,0,0,0,0,0,0,0,0,1017,1,0,0,0,0,44,0.004,0,0,0,0,0,0,0,0,0,0,0,0,0,0,0,0,0,0,44,1,0,0,0,0,35,0.795,4,0.091,5,0.114,,,,,,,,,,,,,16,15.5,15.1,6.7,,,,,,,,,,,,,,,,,,
Prudential Insurance Company of America,68241,2023,,,,,,,,,,,,,,,,,,,,,,,,,,,1,0,0,0,0,0,0,0,0,0,0,0,0,0,0,0,0,0,0,0,0,0,0,0,0,0,0,0,1,1,0,0,,,,,,,,,,,,,0,27,0,0,,,,,,,,,,,,,,,,,,
Reliance Standard Life Insurance Company,68381,2023,27,0,0,0,0,0,0,0,0,0,0,0,0,0,0,0,0,0,0,0,27,1,0,0,0,0,3,0,0,0,0,0,0,0,0,0,0,0,0,0,0,0,0,0,0,0,3,1,0,0,0,0,3,1,0,0,0,0,,,,,,,,,,,,,25,33,0,0,,,,,,,,,,,,,,,,,,
Standard Insurance Company,69019,2023,284,0.002,0,0,0,0,0,0,0,0,0,0,0,0,0,0,0,0,0,0,284,1,0,0,0,0,58,0.005,0,0,0,0,0,0,0,0,0,0,0,0,0,0,0,0,0,0,58,1,0,0,0,0,24,0.414,28,0.483,6,0.103,,,,,,,,,,,,,24,24,14,10,,,,,,,,,,,,,,,,,,
Starmount Life Insurance Company,68985,2023,5,0,0,0,0,0,0,0,0,0,0,0,0,0,0,0,0,0,0,0,5,1,0,0,0,0,12,0.001,0,0,0,0,0,0,0,0,0,0,0,0,0,0,0,0,0,0,12,1,0,0,0,0,10,0.833,2,0.167,0,0,,,,,,,,,,,,,15,10,21,16,,,,,,,,,,,,,,,,,,
Sun Life Assurance Company of Canada,80802,2023,644,0.004,0,0,0,0,0,0,0,0,0,0,0,0,0,0,0,0,0,0,644,1,0,0,0,0,37,0.003,0,0,0,0,0,0,0,0,0,0,0,0,0,0,0,0,0,0,37,1,0,0,0,0,24,0.649,11,0.297,2,0.054,,,,,,,,,,,,,21,21,14,9.7,,,,,,,,,,,,,,,,,,
"United Concordia Dental Plans, Inc.",,2023,,,,,,,,,,,,,,,,,,,,,,,,,,,,,,,,,,,,,,,,,,,,,,,,,,,,,,,,,,,,,,,,,,,,,,,,,,,,,,,,,,,8,0.03,0,0,0,0,0,0,1,0.13
United Concordia Insurance Company,85766,2023,618,0.004,0,0,0,0,0,0,0,0,0,0,0,0,0,0,0,0,0,0,618,1,0,0,0,0,252,0.024,0,0,0,0,0,0,0,0,0,0,0,0,0,0,0,0,0,0,252,1,0,0,0,0,98,0.389,128,0.508,26,0.103,,,,,,,,,,,,,5.4,5.4,5.4,3.4,,,,,,,,,1,0,1,1,0,0,0,0,0,0
United of Omaha Life Insurance Company,,2023,469,0.003,0,0,0,0,0,0,0,0,0,0,0,0,0,0,0,0,0,0,469,1,0,0,0,0,,,,,,,,,,,,,,,,,,,,,,,,,,,,,,,,,,,,,,,,,,,,,,,,,,,,,,,,,,,,,,,,,,
UnitedHealthcare Insurance Company,79413,2023,22492,0.206,514,0.023,5,0,64,0.003,1243,0.055,3493,0.155,9700,0.435,44,0.002,4,0,285,0.013,6482,0.288,20,0.001,548,0.024,1661,0.157,6,0.004,0,0,19,0.011,108,0.065,539,0.325,505,0.304,3,0.002,3,0.002,35,0.021,226,0.136,0,0,217,0.131,683,0.411,926,0.557,52,0.031,1,1,0,0,1,1,0,0,31,57,41,30,37,36,36,33,336,250,58,0.232,188,0.752,4,0.016,56,0.18,12,0.21,15,0.27,0,0,29,0.52
"UnitedHealthcare of the Mid-Atlantic, Inc.",95025,2023,1421,0.013,20,0.014,1,0.001,2,0.001,50,0.035,174,0.122,1127,0.793,9,0.006,0,0,9,0.006,7,0.005,1,0.001,21,0.015,56,0.005,1,0.018,0,0,0,0,2,0.036,28,0.5,16,0.286,0,0,0,0,3,0.054,0,0,0,0,6,0.107,36,0.643,20,0.357,0,0,,,,,,,,,16,17,29,14,47,43,41,34,10,10,6,0.6,4,0.4,0,0,1,0,0,0,0,0,1,1,0,0
Wellfleet Group LLC,,2023,229,0.002,27,0.118,0,0,0,0,15,0.066,18,0.079,124,0.541,36,0.157,0,0,0,0,0,0,9,0.039,0,0,48,0.005,4,0.083,0,0,2,0.042,8,0.167,3,0.063,30,0.625,0,0,0,0,1,0.021,0,0,0,0,0,0,26,0.542,22,0.458,0,0,1,1,0,0,1,1,0,0,,,,,27,0,14,30,,,,,,,,,,,,,,,,,,
Wellfleet Insurance Company,32280,2023,8,0,1,0.125,0,0,0,0,0,0,3,0.375,2,0.25,2,0.25,0,0,0,0,0,0,0,0,0,0,2,0,0,0,0,0,0,0,1,0.5,0,0,1,0.5,0,0,0,0,0,0,0,0,0,0,0,0,1,0.5,1,0.5,0,0,,,,,,,,,,,,,1,1,0,0,,,,,,,,,,,,,,,,,,
Total,,2023,109123,0.82,1539,0.014,199,0.002,652,0.006,4449,0.041,16634,0.152,62120,0.569,3630,0.033,135,0.001,1668,0.015,16732,0.153,120,0.001,1155,0.011,10577,0.996,104,0.01,27,0.003,69,0.007,659,0.062,1523,0.144,5253,0.497,65,0.006,35,0.00331,196,0.019,2160,0.204,2,0,481,0.045,4916,0.465,5270,0.498,388,0.037,38,17,10,0.588,7,0.4118,0,0,335.8,295.5,292,287.4,689.5,723,511.1,556.4,1538,755,279,0.37,469,0.621,7,0.009,317,0.98,96,0.303,91,0.287,2,0.006,128,0.404
"Aetna Dental, Inc.",,2024,594,0.005,0,0,0,0,1,0,0,0,0,0,0,0,0,0,0,0,0,0,594,1,0,0,0,0,,,,,,,,,,,,,,,,,,,,,,,,,,,,,,,,,,,,,,,,,,,,,,,,,,,,,,,,,,,,,,,,,,
Aetna Health Inc. ( a Pennsylvania corporation ),95109,2024,178,0.002,64,0.36,0,0,7,0.039,52,0.292,0,0,12,0.067,3,0.017,7,0.039,14,0.079,0,0,0,0,19,0.107,246,0.021,17,0.069,18,0.073,6,0.024,75,0.305,51,0.207,73,0.297,1,0.004,0,0,1,0.004,0,0,0,0,4,0.016,144,0.585,93,0.378,9,0.037,,,,,,,,,,,,,18.3,22.5,22.2,29.9,,,,,,,,,2,0.01,0,0,1,0.5,0,0,1,0.5
Aetna Health Insurance Company,,2024,,,,,,,,,,,,,,,,,,,,,,,,,,,,,,,,,,,,,,,,,,,,,,,,,,,,,,,,,,,,,,,,,,,,,,,,,,,,,,,,,,,6,0.02,2,0.33,1,0.17,1,0.17,2,0.33
Aetna Life Insurance Company,60054,2024,286,0.003,107,0.374,1,0.003,10,0.035,78,0.273,0,0,44,0.154,6,0.021,7,0.024,1,0.003,0,0,0,0,32,0.112,299,0.026,23,0.077,8,0.027,12,0.04,100,0.334,52,0.174,89,0.298,4,0.013,0,0,2,0.007,7,0.023,0,0,2,0.007,166,0.555,123,0.411,10,0.033,,,,,,,,,,,,,17.8,19.3,19.5,15.4,,,,,,,,,7,0.02,1,0.14,2,0.29,0,0,4,0.57
"Alpha Dental Programs, Inc.",95163,2024,,,,,,,,,,,,,,,,,,,,,,,,,,,1,0,0,0,0,0,0,0,0,0,0,0,0,0,0,0,0,0,0,0,1,1,0,0,0,0,,,,,,,,,,,,,,,,,,,9,0,0,0,,,,,,,,,,,,,,,,,,
Ameritas Life Insurance Corp.,61301,2024,615,0.006,0,0,0,0,0,0,0,0,0,0,0,0,0,0,0,0,162,0.263,453,0.737,0,0,0,0,290,0.025,0,0,0,0,0,0,0,0,0,0,0,0,0,0,0,0,107,0.369,183,0.631,0,0,0,0,149,0.514,114,0.393,27,0.093,,,,,,,,,,,,,9,13,17,14,,,,,,,,,3,0.01,0,0,0,0,2,0.67,1,0.33
"CareFirst BlueChoice, Inc.",96202,2024,27754,0.249,223,0.008,5,0,1077,0.039,1510,0.054,5025,0.181,19170,0.691,129,0.005,89,0.003,439,0.016,22,0.001,20,0.001,45,0.002,3612,0.316,51,0.014,5,0.001,10,0.003,180,0.05,647,0.179,2435,0.674,51,0.014,24,0.007,185,0.051,2,0.001,2,0.001,20,0.006,1744,0.483,1860,0.515,8,0.002,52,9,5,0.556,3,0.333,1,0.111,24.1,24,24,24,28.9,23.1,23.7,17.8,,,,,,,,,128,0.32,42,0.33,41,0.32,0,0,45,0.35
"CareFirst of Maryland, Inc.",47058,2024,12162,0.109,44,0.004,0,0,28,0.002,251,0.021,712,0.059,10311,0.848,13,0.001,11,0.001,159,0.013,628,0.052,0,0,5,0,1389,0.121,0,0,0,0,1,0.001,3,0.002,38,0.027,1302,0.937,2,0.001,0,0,3,0.002,40,0.029,0,0,0,0,516,0.371,870,0.626,3,0.002,48,5,5,1,0,0,0,0,24,24,24,24,11,13,8.7,7.8,,,,,,,,,89,0.23,31,0.35,23,0.26,2,0.02,33,0.37
CaremarkPCS Health L.L.C.,,2024,,,,,,,,,,,,,,,,,,,,,,,,,,,,,,,,,,,,,,,,,,,,,,,,,,,,,,,,,,,,,,,,,,,,,,,,,,,659,170,88,0.518,82,0.482,0,0,1,0,0,0,1,1,0,0,0,0
"CIGNA Dental Health of Maryland, Inc.",,2024,10,0,0,0,0,0,0,0,0,0,0,0,0,0,0,0,0,0,0,0,10,1,0,0,0,0,,,,,,,,,,,,,,,,,,,,,,,,,,,,,,,,,,,,,,,,,,,,,,,,,538,111,39,0.351,72,0.649,0,0,,,,,,,,,,
CIGNA Health and Life Insurance Company,67369,2024,26388,0.237,439,0.017,40,0.002,58,0.002,1194,0.045,5386,0.204,14278,0.541,4173,0.158,9,0,24,0.001,665,0.025,60,0.002,62,0.002,835,0.072,37,0.044,0,0,26,0.031,116,0.139,241,0.289,341,0.408,15,0.018,2,0.002,0,0,55,0.066,0,0,2,0.002,409,0.49,410,0.491,16,0.019,18,4,3,0.75,1,0.25,0,0,31.9,30.2,15.3,25.2,0,22,0,0,,,,,,,,,20,0.05,13,0.65,6,0.3,0,0,1,0.05
Colonial Life & Accident Insurance Company,62049,2024,49,0,0,0,0,0,0,0,0,0,0,0,0,0,0,0,0,0,0,0,49,1,0,0,0,0,,,,,,,,,,,,,,,,,,,,,,,,,,,,,,,,,,,,,,,,,,,,,64.6,28.1,22.3,22.8,,,,,,,,,,,,,,,,,,
Delta Dental Insurance Company,81396,2024,8,0,0,0,0,0,0,0,0,0,0,0,0,0,0,0,0,0,0,0,8,1,0,0,0,0,5,0,0,0,0,0,0,0,0,0,0,0,0,0,0,0,0,0,0,0,5,1,0,0,0,0,4,0.8,1,0.2,0,0,,,,,,,,,,,,,5,143,0,10.5,166,55,35,0.636,20,0.364,0,0,1,0,1,1,0,0,0,0,0,0
Delta Dental of Pennsylvania,54798,2024,22,0,0,0,0,0,0,0,0,0,0,0,0,0,0,0,0,0,0,0,22,1,0,0,0,0,11,0.001,0,0,0,0,0,0,0,0,0,0,0,0,0,0,0,0,0,0,11,1,0,0,0,0,4,0.364,7,0.636,0,0,,,,,,,,,,,,,0,13.3,13,7,,,,,,,,,,,,,,,,,,
"Dental Network, Inc. The",52007,2024,2,0,0,0,0,0,0,0,0,0,0,0,0,0,0,0,0,0,0,0,2,1,0,0,0,0,2,0,0,0,0,0,0,0,0,0,0,0,0,0,0,0,0,0,0,0,2,1,0,0,0,0,2,1,0,0,0,0,,,,,,,,,,,,,0,0,5,27,,,,,,,,,,,,,,,,,,
Dentegra Insurance Company,73474,2024,6,0,0,0,0,0,0,0,0,0,0,0,0,0,0,0,0,0,0,0,6,1,0,0,0,0,1,0,0,0,0,0,0,0,0,0,0,0,0,0,0,0,0,0,0,0,1,1,0,0,0,0,0,0,0,0,1,1,,,,,,,,,,,,,0,23,0,0,,,,,,,,,,,,,,,,,,
"Dominion Dental Services, Inc.",95657,2024,2212,0.02,0,0,0,0,0,0,0,0,0,0,0,0,0,0,0,0,0,0,2212,1,0,0,0,0,228,0.02,0,0,0,0,0,0,0,0,0,0,0,0,0,0,0,0,0,0,228,1,0,0,0,0,136,0.596,81,0.355,11,0.048,,,,,,,,,,,,,34.7,44.5,53,52.8,,,,,,,,,1,0,0,0,0,0,0,0,1,1
Golden Rule Insurance Company,62286,2024,11,0,0,0,0,0,0,0,1,0.091,1,0.091,9,0.818,0,0,0,0,0,0,0,0,0,0,0,0,5,0,0,0,0,0,1,0.2,1,0.2,1,0.2,2,0.4,0,0,0,0,0,0,0,0,0,0,0,0,2,0.4,3,0.6,0,0,,,,,,,,,0,0,28,0,26,0,25,51,,,,,,,,,,,,,,,,,,
"Group Hospitalization and Medical Services, Inc.",53007,2024,9065,0.081,12,0.001,9,0.001,46,0.005,221,0.024,686,0.076,7578,0.836,23,0.003,4,0,115,0.013,343,0.038,11,0.001,17,0.002,1181,0.102,13,0.011,1,0.001,5,0.004,31,0.026,94,0.08,952,0.806,6,0.005,3,0.003,20,0.017,50,0.042,1,0.001,5,0.004,514,0.435,665,0.563,2,0.002,,,,,,,,,24.5,24,24,24,17.5,21.1,16.2,16.7,,,,,,,,,22,0.06,5,0.23,4,0.18,1,0.05,12,0.55
Guardian Life Insurance Company of America,64246,2024,1399,0.013,0,0,0,0,0,0,0,0,0,0,0,0,0,0,0,0,0,0,1399,1,0,0,0,0,718,0.062,0,0,0,0,0,0,0,0,0,0,0,0,0,0,0,0,0,0,718,1,0,0,0,0,355,0.494,153,0.213,210,0.292,,,,,,,,,,,,,3,3,3,3,1,1,1,1,0,0,0,0,8,0.02,5,0.63,0,0,0,0,3,0.38
Independence American Insurance Company,26581,2024,,,,,,,,,,,,,,,,,,,,,,,,,,,1,0,0,0,0,0,0,0,0,0,1,1,0,0,0,0,0,0,0,0,0,0,0,0,0,0,1,1,0,0,0,0,,,,,,,,,,,,,0,0,1,0,315,74,37,0.5,37,0.5,0,0,,,,,,,,,,
"Kaiser Foundation Health Plan-Mid-Atlantic States, Inc.",95639,2024,1963,0.018,255,0.13,0,0,344,0.175,178,0.091,22,0.011,71,0.036,184,0.094,104,0.053,378,0.193,9,0.005,8,0.004,410,0.209,206,0.018,11,0.053,0,0,100,0.485,18,0.087,1,0.005,5,0.024,21,0.102,9,0.044,16,0.078,1,0.005,0,0,24,0.117,156,0.757,50,0.243,0,0,,,,,,,,,124.7,96.6,123.3,121,20,29.5,24.7,23.6,,,,,,,,,16,0.04,6,0.38,3,0.19,2,0.13,5,0.31
Kaiser Permanente Insurance Company,60053,2024,14,0,1,0.071,0,0,0,0,3,0.214,9,0.643,0,0,0,0,0,0,0,0,0,0,1,0.071,0,0,4,0,0,0,0,0,0,0,0,0,4,1,0,0,0,0,0,0,0,0,0,0,0,0,0,0,3,0.75,1,0.25,0,0,,,,,,,,,,,,,2,2,1,11,,,,,,,,,,,,,,,,,,
"Lincoln National Life Insurance Company, The",,2024,110,0.001,0,0,0,0,0,0,0,0,0,0,0,0,0,0,0,0,0,0,110,1,0,0,0,0,,,,,,,,,,,,,,,,,,,,,,,,,,,,,,,,,,,,,,,,,,,,,,,,,161,24,18,0.75,6,0.25,0,0,,,,,,,,,,
MAMSI Life and Health Insurance Company,60321,2024,1268,0.011,36,0.028,1,0.001,0,0,77,0.061,99,0.078,933,0.736,1,0.001,0,0,24,0.019,49,0.039,2,0.002,46,0.036,104,0.009,0,0,0,0,1,0.01,9,0.087,10,0.096,64,0.615,0,0,0,0,1,0.01,0,0,0,0,19,0.183,43,0.413,57,0.548,4,0.038,,,,,,,,,10,18,12,14,24,19,15,19,,,,,,,,,2,0.01,2,1,0,0,0,0,0,0
Metropolitan Life Insurance Company,65978,2024,237,0.002,0,0,0,0,0,0,0,0,0,0,0,0,0,0,0,0,0,0,237,1,0,0,0,0,37,0.003,0,0,0,0,0,0,0,0,0,0,0,0,0,0,0,0,0,0.01,37,1,0,0,0,0,14,0.378,18,0.486,5,0.135,,,,,,,,,,,,,10,14,15,10,,,,,,,,,2,0.01,0,0,0,0,0,0,2,1
Mutual of Omaha Insurance Company,,2024,42,0,0,0,0,0,0,0,0,0,0,0,0,0,0,0,0,0,0,0,42,1,0,0,0,0,,,,,,,,,,,,,,,,,,,,,,,,,,,,,,,,,,,,,,,,,,,,,,,,,33,33,7,0.212,24,0.727,2,0.061,,,,,,,,,,
"Optimum Choice, Inc.",96940,2024,2650,0.024,49,0.018,0,0,1,0,116,0.044,280,0.106,1627,0.614,9,0.003,2,0.001,40,0.015,410,0.155,6,0.002,110,0.042,339,0.029,1,0.003,1,0.003,36,0.015,76,0.224,152,0.448,89,0.263,21,0.009,0,0,4,0.012,0,0,0,0,6,0.018,141,0.461,188,0.555,100,0.029,,,,,,,,,76,25,49,15,41,32,39,22,,,,,,,,,6,0.02,3,0.5,0,0,0,0,3,0.5
Principal Life Insurance Company,61271,2024,1232,0.011,0,0,0,0,0,0,0,0,0,0,0,0,0,0,0,0,0,0,1232,1,0,0,0,0,96,0.008,0,0,0,0,0,0,0,0,0,0,0,0,0,0,0,0,0,0,96,1,0,0,0,0,73,0.76,4,0.042,19,0.198,,,,,,,,,,,,,14,18.9,12.5,8.1,,,,,,,,,,,,,,,,,,
Priority Partners MCO Inc.,,2024,,,,,,,,,,,,,,,,,,,,,,,,,,,,,,,,,,,,,,,,,,,,,,,,,,,,,,,,,,,,,,,,,,,,,,,,,,,238,181,79,0.436,96,0.53,6,0.033,1,0,0,0,0,0,0,0,1,1
Reliance Standard Life Insurance Company,68381,2024,66,0.001,0,0,0,0,0,0,0,0,0,0,0,0,0,0,0,0,0,0,66,1,0,0,0,0,6,0.001,0,0,0,0,0,0,0,0,0,0,0,0,0,0,0,0,0,0,6,1,0,0,0,0,3,0.5,3,0.5,0,0,,,,,,,,,,,,,6,24,12,4,,,,,,,,,,,,,,,,,,
Standard Insurance Company,69019,2024,404,0.004,0,0,0,0,0,0,0,0,0,0,0,0,0,0,0,0,0,0,404,1,0,0,0,0,86,0.007,0,0,0,0,0,0,0,0,0,0,0,0,0,0,0,0,0,0,86,1,0,0,0,0,50,0.581,27,0.314,9,0.105,,,,,,,,,,,,,9,16,13,15,,,,,,,,,,,,,,,,,,
Starmount Life Insurance Company,,2024,121,0.001,0,0,0,0,0,0,0,0,0,0,0,0,0,0,0,0,0,0,121,1,0,0,0,0,,,,,,,,,,,,,,,,,,,,,,,,,,,,,,,,,,,,,,,,,,,,,,,,,,,,,,,,,,,,,,,,,,
Sun Life Assurance Company of Canada,80802,2024,702,0.006,0,0,0,0,0,0,0,0,0,0,0,0,0,0,0,0,0,0,702,1,0,0,0,0,39,0.003,0,0,0,0,0,0,0,0,0,0,0,0,0,0,0,0,0,0,39,1,0,0,0,0,23,0.59,11,0.282,5,0.128,,,,,,,,,,,,,24,12,23,22,,,,,,,,,,,,,,,,,,
Tier One Insurance Company,92908,2024,,,,,,,,,,,,,,,,,,,,,,,,,,,3,0,1,0.333,0,0,0,0,1,0.333,0,0,0,0,1,0.333,0,0,0,0,0,0,0,0,0,0,1,0.333,1,0.333,1,0.333,,,,,,,,,0,24,0,0,38,10,0,0,,,,,,,,,,,,,,,,,,
United Concordia Insurance Company,85766,2024,433,0.004,0,0,0,0,0,0,0,0,0,0,0,0,0,0,0,0,0,0,433,1,0,0,0,0,153,0.013,0,0,0,0,0,0,0,0,0,0,0,0,0,0,0,0,0,0,153,1,0,0,0,0,63,0.412,77,0.503,13,0.085,,,,,,,,,,,,,6.6,6.2,6.3,12.1,,,,,,,,,2,0.01,2,1,0,0,0,0,0,0
United Concordia Life & Health Ins. Co.,,2024,,,,,,,,,,,,,,,,,,,,,,,,,,,,,,,,,,,,,,,,,,,,,,,,,,,,,,,,,,,,,,,,,,,,,,,,,,,,,,,,,,,1,0,0,0,0,0,0,0,1,1
United of Omaha Life Insurance Company,,2024,427,0.004,0,0,0,0,0,0,0,0,0,0,0,0,0,0,0,0,0,0,427,1,0,0,0,0,,,,,,,,,,,,,,,,,,,,,,,,,,,,,,,,,,,,,,,,,,,,,,,,,,,,,,,,,,,,,,,,,,
United States Fire Insurance Company,21113,2024,1,0,0,0,0,0,0,0,0,0,0,0,0,0,0,0,0,0,1,1,0,0,0,0,0,0,1,0,0,0,0,0,0,0,0,0,0,0,0,0,0,0,0,0,1,1,0,0,0,0,0,0,1,1,0,0,0,0,,,,,,,,,,,,,0,0,0,0.1,,,,,,,,,,,,,,,,,,
UnitedHealthcare Insurance Company,79413,2024,19706,0.177,506,0.026,4,0,53,0.003,869,0.044,3057,0.155,9010,0.457,22,0.001,3,0,185,0.009,5592,0.284,16,0.001,389,0.02,1452,0.126,9,0.006,0,0,19,0.013,101,0.07,385,0.265,465,0.32,1,0.001,1,0.001,35,0.024,216,0.149,1,0.001,219,0.151,561,0.386,840,0.579,51,0.035,,,,,,,,,25,30,23,22,30,27,28,31,,,,,,,,,76,0.19,18,0.24,23,0.3,6,0.08,29,0.38
"UnitedHealthcare of the Mid-Atlantic, Inc.",95025,2024,720,0.006,14,0.019,1,0.001,0,0,36,0.05,185,0.257,433,0.601,1,0.001,2,0.003,12,0.017,9,0.013,3,0.004,24,0.033,72,0.006,2,0.028,0,0,0,0,4,0.056,22,0.306,29,0.403,0,0,2,0.028,0,0,0,0,0,0,13,0.181,27,0.375,43,0.597,2,0.028,,,,,,,,,18,21,24,3,33,11,25,26,,,,,,,,,1,0,0,0,0,0,0,0,1,1
Wellfleet Group LLC,,2024,560,0.005,35,0.063,0,0,3,0.005,16,0.029,22,0.039,478,0.854,0,0,0,0,0,0,0,0,5,0.009,1,0.002,104,0.009,6,0.058,0,0,2,0.019,7,0.067,6,0.058,81,0.779,1,0.01,0,0,1,0.01,0,0,0,0,0,0,48,0.462,52,0.5,4,0.038,,,,,,,,,,,,,21,26,20,8,362,237,75,0.316,155,0.654,7,0.03,,,,,,,,,,
Wellfleet Insurance Company,,2024,9,0,1,0.111,0,0,0,0,3,0.333,4,0.444,4,0.444,1,0.111,0,0,0,0,0,0,0,0,0,0,,,,,,,,,,,,,,,,,,,,,,,,,,,,,,,,,,,,,,,,,,,,,,,,,18,18,3,0.167,14,0.778,1,0.056,,,,,,,,,,
Total,,2024,111426,1,1786,0.016,61,0.001,1628,0.015,4605,0.041,15488,0.139,63958,0.574,4565,0.041,238,0.002,1554,0.014,16256,0.146,132,0.001,1160,0.01,11526,0.998,171,0.015,33,0.003,219,0.019,722,0.063,1705,0.148,5927,0.514,124,0.011,41,0.00356,376,0.033,1937,0.168,4,0,314,0.027,5353,0.464,5752,0.499,510,0.044,118,18,13,0.722,4,5.5385,1,0.181,358.2,316.8,346.6,272.2,523.4,636.5,464.1,487.6,2491,904,382,0.423,506,0.56,16,0.018,395,1.02,131,0.332,105,0.802,14,0.133,145,10.357